<?xml version="1.0" encoding="UTF-8"?>
<configurationDescriptor version="62">
  <logicalFolder name="root" displayName="root" projectFiles="true">
    <logicalFolder name="HeaderFiles"
                   displayName="Header Files"
                   projectFiles="true">
      <logicalFolder name="Frame Work" displayName="Frame Work" projectFiles="true">
        <itemPath>../../Include/Framework/Framework.h</itemPath>
      </logicalFolder>
      <logicalFolder name="Hardware Profile"
                     displayName="Hardware Profile"
                     projectFiles="true">
        <itemPath>../../Include/HardwareProfile/HardwareProfile.h</itemPath>
      </logicalFolder>
      <logicalFolder name="Transport Layer"
                     displayName="Transport Layer"
                     projectFiles="true">
        <itemPath>../../Include/TCPIP Stack/ARP.h</itemPath>
        <itemPath>../../Include/TCPIP Stack/ETHPIC32ExtPhy.h</itemPath>
        <itemPath>../../Include/TCPIP Stack/ETHPIC32ExtPhyDP83848.h</itemPath>
        <itemPath>../../Include/TCPIP Stack/ETHPIC32ExtPhyRegs.h</itemPath>
        <itemPath>../../Include/Ethernet/EthernetTasks.h</itemPath>
        <itemPath>../../Include/TCPIP Stack/Helpers.h</itemPath>
        <itemPath>../../Include/TCPIP Stack/ICMP.h</itemPath>
        <itemPath>../../Include/TCPIP Stack/IP.h</itemPath>
        <itemPath>../../Include/TCPIP Stack/MAC.h</itemPath>
        <itemPath>../../Include/TCPIP Stack/StackTsk.h</itemPath>
        <itemPath>../../Include/TCPIP Stack/TCPIP.h</itemPath>
        <itemPath>../../Include/TCPIP Stack/TCPIPConfig.h</itemPath>
        <itemPath>../../Include/TCPIP Stack/Tick.h</itemPath>
        <itemPath>../../Include/TCPIP Stack/UDP.h</itemPath>
      </logicalFolder>
      <itemPath>../../Include/BootLoader.h</itemPath>
      <itemPath>../../Include/GenericTypeDefs.h</itemPath>
      <itemPath>../../Include/NVMem.h</itemPath>
    </logicalFolder>
    <logicalFolder name="LibraryFiles"
                   displayName="Library Files"
                   projectFiles="true">
    </logicalFolder>
    <logicalFolder name="LinkerScript"
                   displayName="Linker Files"
                   projectFiles="true">
      <itemPath>../../linker_scripts/others/btl_32MX795F512L_generic.ld</itemPath>
    </logicalFolder>
    <logicalFolder name="ObjectFiles"
                   displayName="Object Files"
                   projectFiles="true">
    </logicalFolder>
    <logicalFolder name="SourceFiles"
                   displayName="Source Files"
                   projectFiles="true">
      <logicalFolder name="Frame Work" displayName="Frame Work" projectFiles="true">
        <itemPath>../../Source/FrameWork/Framework.c</itemPath>
      </logicalFolder>
      <logicalFolder name="Transport Layer"
                     displayName="Transport Layer"
                     projectFiles="true">
        <itemPath>../../Source/TCPIP Stack/ARP.c</itemPath>
        <itemPath>../../Source/TCPIP Stack/Delay.c</itemPath>
        <itemPath>../../Source/TCPIP Stack/ENC28J60.c</itemPath>
        <itemPath>../../Source/TCPIP Stack/Helpers.c</itemPath>
        <itemPath>../../Source/TCPIP Stack/ICMP.c</itemPath>
        <itemPath>../../Source/TCPIP Stack/IP.c</itemPath>
        <itemPath>../../Source/TCPIP Stack/StackTsk.c</itemPath>
        <itemPath>../../Source/TCPIP Stack/Tick.c</itemPath>
        <itemPath>../../Source/TCPIP Stack/UDP.c</itemPath>
      </logicalFolder>
      <itemPath>../../Source/BootLoader.c</itemPath>
      <itemPath>../../Source/Ethernet/EthernetTasks.c</itemPath>
      <itemPath>../../Source/NVMem.c</itemPath>
    </logicalFolder>
    <logicalFolder name="ExternalFiles"
                   displayName="Important Files"
                   projectFiles="false">
      <itemPath>Makefile</itemPath>
    </logicalFolder>
  </logicalFolder>
  <projectmakefile>Makefile</projectmakefile>
  <confs>
    <conf name="default" type="2">
      <toolsSet>
        <developmentServer>localhost</developmentServer>
        <targetDevice>PIC32MX795F512L</targetDevice>
        <targetHeader></targetHeader>
        <targetPluginBoard></targetPluginBoard>
        <platformTool>RealICEPlatformTool</platformTool>
        <languageToolchain>XC32</languageToolchain>
        <languageToolchainVersion>1.31</languageToolchainVersion>
        <platform>3</platform>
      </toolsSet>
      <compileType>
        <linkerTool>
          <linkerLibItems>
          </linkerLibItems>
        </linkerTool>
        <loading>
          <useAlternateLoadableFile>false</useAlternateLoadableFile>
          <alternateLoadableFile></alternateLoadableFile>
        </loading>
      </compileType>
      <makeCustomizationType>
        <makeCustomizationPreStepEnabled>false</makeCustomizationPreStepEnabled>
        <makeCustomizationPreStep></makeCustomizationPreStep>
        <makeCustomizationPostStepEnabled>false</makeCustomizationPostStepEnabled>
        <makeCustomizationPostStep></makeCustomizationPostStep>
        <makeCustomizationPutChecksumInUserID>false</makeCustomizationPutChecksumInUserID>
        <makeCustomizationEnableLongLines>false</makeCustomizationEnableLongLines>
        <makeCustomizationNormalizeHexFile>false</makeCustomizationNormalizeHexFile>
      </makeCustomizationType>
      <C32>
        <property key="additional-warnings" value="false"/>
        <property key="enable-omit-frame-pointer" value="false"/>
        <property key="enable-unroll-loops" value="false"/>
        <property key="exclude-floating-point" value="false"/>
        <property key="extra-include-directories"
                  value="../../Include/Ethernet;../../Include/HardwareProfile;../../Include;../../Include/Usb/Stack;../../Include/FrameWork;../..;../../Include/Usb;../../Include/TCPIP Stack;../../Include/Framework"/>
        <property key="generate-16-bit-code" value="true"/>
        <property key="isolate-each-function" value="false"/>
        <property key="make-warnings-into-errors" value="false"/>
        <property key="optimization-level" value="-Os"/>
        <property key="place-data-into-section" value="false"/>
        <property key="post-instruction-scheduling" value="default"/>
        <property key="pre-instruction-scheduling" value="default"/>
        <property key="preprocessor-macros"
                  value="TRANSPORT_LAYER_ETH;ETH_MAC_ENC28J60;DEMO_BOARD_EXPLORER_16"/>
        <property key="strict-ansi" value="false"/>
        <property key="support-ansi" value="false"/>
        <property key="use-indirect-calls" value="false"/>
      </C32>
      <C32-AS>
        <property key="assembler-symbols" value=""/>
        <property key="exclude-floating-point-library" value="false"/>
        <property key="expand-macros" value="false"/>
        <property key="extra-include-directories-for-assembler"
                  value="../../MPLAB_Workspace;"/>
        <property key="extra-include-directories-for-preprocessor" value=""/>
        <property key="false-conditionals" value="false"/>
        <property key="keep-locals" value="false"/>
        <property key="list-assembly" value="false"/>
        <property key="list-file" value=""/>
        <property key="list-section-info" value="false"/>
        <property key="list-source" value="false"/>
        <property key="list-symbols" value="false"/>
        <property key="omit-debug-dirs" value="false"/>
        <property key="omit-forms" value="false"/>
        <property key="preprocessor-macros" value=""/>
        <property key="warning-level" value=""/>
      </C32-AS>
      <C32-LD>
        <property key="enable-check-sections" value="false"/>
        <property key="exclude-floating-point-library" value="false"/>
        <property key="exclude-standard-libraries" value="false"/>
        <property key="extra-lib-directories" value="../../MPLAB_Workspace"/>
        <property key="generate-16-bit-code" value="false"/>
        <property key="generate-cross-reference-file" value="false"/>
        <property key="heap-size" value="30000"/>
        <property key="input-libraries" value=""/>
        <property key="linker-symbols" value=""/>
        <property key="map-file" value="&quot;$(BINDIR_)$(TARGETBASE).map&quot;"/>
        <property key="no-startup-files" value="false"/>
        <property key="optimization-level" value=""/>
        <property key="preprocessor-macros" value=""/>
        <property key="remove-unused-sections" value="true"/>
        <property key="stack-size" value=""/>
        <property key="symbol-stripping" value=""/>
        <property key="trace-symbols" value=""/>
        <property key="warn-section-align" value="false"/>
      </C32-LD>
      <C32CPP>
      </C32CPP>
      <C32Global>
      </C32Global>
      <RealICEPlatformTool>
        <property key="ADC 1" value="true"/>
        <property key="AutoSelectMemRanges" value="auto"/>
        <property key="CHANGE NOTICE" value="true"/>
        <property key="COMPARATOR" value="true"/>
        <property key="DMA" value="true"/>
        <property key="Freeze All Other Peripherals" value="true"/>
        <property key="I2C1" value="true"/>
        <property key="I2C2" value="true"/>
        <property key="I2C3" value="true"/>
        <property key="I2C4" value="true"/>
        <property key="I2C5" value="true"/>
        <property key="INPUT CAPTURE 1" value="true"/>
        <property key="INPUT CAPTURE 2" value="true"/>
        <property key="INPUT CAPTURE 3" value="true"/>
        <property key="INPUT CAPTURE 4" value="true"/>
        <property key="INPUT CAPTURE 5" value="true"/>
        <property key="INTERRUPT CONTROL" value="true"/>
        <property key="OUTPUT COMPARE 1" value="true"/>
        <property key="OUTPUT COMPARE 2" value="true"/>
        <property key="OUTPUT COMPARE 3" value="true"/>
        <property key="OUTPUT COMPARE 4" value="true"/>
        <property key="OUTPUT COMPARE 5" value="true"/>
        <property key="PARALLEL MASTER/SLAVE PORT" value="true"/>
        <property key="REAL TIME CLOCK" value="true"/>
        <property key="RIExTrigs.Five" value="OFF"/>
        <property key="RIExTrigs.Four" value="OFF"/>
        <property key="RIExTrigs.One" value="OFF"/>
        <property key="RIExTrigs.Seven" value="OFF"/>
        <property key="RIExTrigs.Six" value="OFF"/>
        <property key="RIExTrigs.Three" value="OFF"/>
        <property key="RIExTrigs.Two" value="OFF"/>
        <property key="RIExTrigs.Zero" value="OFF"/>
        <property key="SecureSegment.SegmentProgramming" value="FullChipProgramming"/>
        <property key="TIMER1" value="true"/>
        <property key="TIMER2" value="true"/>
        <property key="TIMER3" value="true"/>
        <property key="TIMER4" value="true"/>
        <property key="TIMER5" value="true"/>
        <property key="ToolFirmwareFilePath"
                  value="Press to browse for a specific firmware version"/>
        <property key="ToolFirmwareOption.UseLatestFirmware" value="true"/>
        <property key="UART1" value="true"/>
        <property key="UART2" value="true"/>
        <property key="UART3" value="true"/>
        <property key="UART4" value="true"/>
        <property key="UART5" value="true"/>
        <property key="UART6" value="true"/>
        <property key="debugoptions.useswbreakpoints" value="false"/>
        <property key="hwtoolclock.frcindebug" value="false"/>
        <property key="hwtoolclock.instructionspeed" value="4"/>
        <property key="hwtoolclock.units" value="mips"/>
        <property key="memories.aux" value="false"/>
        <property key="memories.bootflash" value="true"/>
        <property key="memories.configurationmemory" value="true"/>
        <property key="memories.eeprom" value="true"/>
        <property key="memories.flashdata" value="true"/>
        <property key="memories.id" value="true"/>
        <property key="memories.programmemory" value="true"/>
        <property key="memories.programmemory.end" value="0x1d07ffff"/>
        <property key="memories.programmemory.start" value="0x1d000000"/>
        <property key="programoptions.eraseb4program" value="true"/>
        <property key="programoptions.preserveeeprom" value="false"/>
        <property key="programoptions.preserveprogramrange" value="false"/>
        <property key="programoptions.preserveprogramrange.end" value="0x1d07ffff"/>
        <property key="programoptions.preserveprogramrange.start" value="0x1d000000"/>
        <property key="programoptions.preserveuserid" value="false"/>
        <property key="programoptions.usehighvoltageonmclr" value="false"/>
        <property key="programoptions.uselvpprogramming" value="false"/>
        <property key="tracecontrol.disablemacros" value="false"/>
        <property key="tracecontrol.medium" value="0"/>
        <property key="tracecontrol.select" value="0"/>
        <property key="tracecontrol.tracebufmax" value="54600"/>
        <property key="tracecontrol.tracefile"
                  value="C:\Documents and Settings\i14308\mpdeftrace.log"/>
        <property key="tracecontrol.tracefilemax" value="54600"/>
      </RealICEPlatformTool>
    </conf>
  </confs>
</configurationDescriptor>
